source_table,id,title,description,species,category,author_type,author_name,source_url,image_url,is_ai_generated,created_at,recipe_id,name,amount,unit,order_no,step_no,tag_type,tag_value,calories_per_100g,protein_g,fat_g,carbs_g,fiber_g,notes
recipes,a4657fcd-600c-4e52-9065-cf675cffdb18,닭가슴살 야채 볶음밥,무염·무향신료로 조리한 닭가슴살 야채 볶음밥. 저지방 고단백 식단이 필요한 강아지에게 적합합니다.,dog,식사,official,펫푸드 레시피,https://www.ban-life.com/content/view?id=13,,false,2026-01-01 00:00:00,,,,,,,,,,,,,,
recipes,ff6c6bfd-5b73-48f0-97bc-12ed220d83c7,소고기 채소 스튜,소고기 안심과 계절 채소를 무염 닭육수에 천천히 끓인 영양 스튜.,dog,식사,official,펫푸드 레시피,https://www.ban-life.com/content/view?id=13,,false,2026-01-01 00:00:00,,,,,,,,,,,,,,
recipes,9c8198d7-44c7-4a7f-ab35-fc443a9f7e49,닭가슴살 저키,무염 건조 닭가슴살 져키. 식품건조기로 60도 6시간 건조.,dog,간식,official,펫푸드 레시피,https://www.ban-life.com/content/view?id=13,,false,2026-01-01 00:00:00,,,,,,,,,,,,,,
recipes,6c4a329e-e47b-4222-8d98-eead5303b0e0,단호박 귀리 볼,단호박과 귀리를 활용한 무설탕 영양 간식 볼.,dog,간식,official,펫푸드 레시피,https://www.ban-life.com/content/view?id=13,,false,2026-01-01 00:00:00,,,,,,,,,,,,,,
recipes,3a8a8c2d-209c-4ab2-914f-606ef3a8f66e,고구마 바나나 칩,고구마·바나나를 건조한 자연 그대로의 간식.,dog,간식,official,펫푸드 레시피,https://www.ban-life.com/content/view?id=13,,false,2026-01-01 00:00:00,,,,,,,,,,,,,,
recipes,2027c0a3-0b58-4ebb-893a-5505c93ff27c,연어 오메가3 영양밥,연어와 현미를 활용한 오메가3 풍부 식단. 피부·털 개선에 효과적.,dog,식사,official,펫푸드 레시피,https://pawsomerecipes.com/,,false,2026-01-01 00:00:00,,,,,,,,,,,,,,
recipes,a31ce850-673b-45a9-9f61-05965e8a02d0,소고기 블루베리 슈퍼푸드 볼,소고기 다짐육과 블루베리로 만든 항산화 슈퍼푸드 볼.,dog,식사,official,펫푸드 레시피,https://pawsomerecipes.com/,,false,2026-01-01 00:00:00,,,,,,,,,,,,,,
recipes,0340ad91-8ae9-4878-be93-f05725e0bec6,닭가슴살 바나나 장 건강 볼,장 건강을 위한 닭가슴살·바나나·귀리 간식 볼.,dog,간식,official,펫푸드 레시피,https://pawsomerecipes.com/,,false,2026-01-01 00:00:00,,,,,,,,,,,,,,
recipes,c1a82f58-2baf-48be-bcb5-1a4aaf2f8cca,황태 단백질 국,황태를 물에 충분히 끓여 염분 제거 후 만든 간 건강 국물 식단.,dog,식사,official,펫푸드 레시피,https://www.ban-life.com/content/view?id=13,,false,2026-01-01 00:00:00,,,,,,,,,,,,,,
recipes,b8d6752b-7d72-4792-97f4-1b0332ef38cb,채소 달걀찜,달걀과 신선 채소를 무염으로 쪄낸 영양 달걀찜.,dog,식사,official,펫푸드 레시피,https://www.ban-life.com/content/view?id=13,,false,2026-01-01 00:00:00,,,,,,,,,,,,,,
recipes,c398390c-7910-455c-9f1c-fd765a4c883e,찹쌀 닭죽,찹쌀과 닭가슴살로 만든 소화에 좋은 회복식 죽.,dog,식사,official,펫푸드 레시피,https://www.ban-life.com/content/view?id=13,,false,2026-01-01 00:00:00,,,,,,,,,,,,,,
recipes,12f35351-6027-4ac7-a8d2-cfe941641e92,블루베리 락토프리 아이스크림,락토프리 우유와 블루베리·딸기·바나나로 만든 여름 냉동 간식.,dog,간식/디저트,official,펫푸드 레시피,https://www.ban-life.com/content/view?id=13,,false,2026-01-01 00:00:00,,,,,,,,,,,,,,
recipes,084beeef-105a-4105-a782-266a72fd0f56,두부 닭가슴살 다이어트 볼,두부와 닭가슴살로 만든 저지방 다이어트 식단.,dog,식사,official,펫푸드 레시피,https://pawsomerecipes.com/,,false,2026-01-01 00:00:00,,,,,,,,,,,,,,
recipes,a2c9921d-c500-4b6c-ab52-799aadc0f9e7,터키 야채 볼,칠면조 다짐육과 고구마·녹두로 만든 고단백 영양 볼.,dog,식사,official,펫푸드 레시피,https://pawsomerecipes.com/turkey-dog-food-recipe/,,false,2026-01-01 00:00:00,,,,,,,,,,,,,,
recipes,c68efab6-12d6-4f83-ab04-973bf41a633f,치킨 당근 베이크 트릿,"닭고기와 당근, 귀리가루로 구운 건강 베이크 간식.",dog,간식,official,펫푸드 레시피,https://pawsomerecipes.com/chicken-and-carrot-dog-treats/,,false,2026-01-01 00:00:00,,,,,,,,,,,,,,
recipes,054db5a3-3bbe-4922-93b8-6eba609e378b,고등어 귀리 오메가3 파테,고등어를 무염으로 갈아 만든 오메가3 풍부 파테. 타우린 첨가 권장.,cat,식사,official,펫푸드 레시피,https://www.10000recipe.com,,false,2026-01-01 00:00:00,,,,,,,,,,,,,,
recipes,b13a2129-72b5-4e9a-89db-fbe28d4b276d,닭고기 한천 수분 젤리,닭가슴살 육수와 한천으로 만든 수분보충용 젤리. 신장 질환 고양이에게 적합.,cat,간식/수분보충,official,펫푸드 레시피,https://www.10000recipe.com,,false,2026-01-01 00:00:00,,,,,,,,,,,,,,
recipes,e352a69f-fe39-4bbb-b732-2b15b43c74dc,참치 무염 홈메이드 츄르,무염 참치캔과 닭육수·한천으로 직접 만드는 츄르.,cat,간식,official,펫푸드 레시피,https://www.10000recipe.com,,false,2026-01-01 00:00:00,,,,,,,,,,,,,,
recipes,3deebe22-f7fa-44f9-b854-77d9fc93bab2,닭가슴살 고양이 크런치,닭가슴살을 귀리가루·달걀흰자와 함께 구운 크런치 간식.,cat,간식,official,펫푸드 레시피,https://pawsomerecipes.com/homemade-chicken-cat-treats/,,false,2026-01-01 00:00:00,,,,,,,,,,,,,,
recipes,c4f30a74-7b35-444b-87ae-a25b61a52270,정어리 고양이 트릿,정어리를 귀리가루·달걀과 함께 무염 베이크한 트릿.,cat,간식,official,펫푸드 레시피,https://pawsomerecipes.com/sardine-cat-treats-recipe-gluten-free/,,false,2026-01-01 00:00:00,,,,,,,,,,,,,,
recipe_ingredients,a22fa6e4-c4a9-4fb7-80db-d3fdd720ea9d,,,,,,,,,,,a4657fcd-600c-4e52-9065-cf675cffdb18,닭가슴살,150,g,1,,,,,,,,,
recipe_ingredients,afcb7b9d-a4bf-4a33-9ae7-3a04b513f6b3,,,,,,,,,,,a4657fcd-600c-4e52-9065-cf675cffdb18,현미밥,100,g,2,,,,,,,,,
recipe_ingredients,8643b8a9-1a4a-4c8a-a609-ac528a763ba4,,,,,,,,,,,a4657fcd-600c-4e52-9065-cf675cffdb18,브로콜리,50,g,3,,,,,,,,,
recipe_ingredients,86fed7f9-9d62-45b2-ac3e-edfa4ef5feca,,,,,,,,,,,a4657fcd-600c-4e52-9065-cf675cffdb18,당근,30,g,4,,,,,,,,,
recipe_ingredients,e4cc9dcf-82d5-4829-9834-fbb0bc13dcc8,,,,,,,,,,,a4657fcd-600c-4e52-9065-cf675cffdb18,파프리카,20,g,5,,,,,,,,,
recipe_ingredients,91e985f4-5a1d-4d70-99a8-3a514716a82e,,,,,,,,,,,ff6c6bfd-5b73-48f0-97bc-12ed220d83c7,소고기 안심,150,g,1,,,,,,,,,
recipe_ingredients,8244bf85-b173-4da4-acf1-92aafa2799e6,,,,,,,,,,,ff6c6bfd-5b73-48f0-97bc-12ed220d83c7,감자,80,g,2,,,,,,,,,
recipe_ingredients,31a9d669-ca0e-4c81-8aa9-2798ddecd688,,,,,,,,,,,ff6c6bfd-5b73-48f0-97bc-12ed220d83c7,당근,50,g,3,,,,,,,,,
recipe_ingredients,2d63fb36-b3c2-4e44-a660-0923406fb4b5,,,,,,,,,,,ff6c6bfd-5b73-48f0-97bc-12ed220d83c7,브로콜리,40,g,4,,,,,,,,,
recipe_ingredients,dbaf4714-0b6f-4b00-ab3b-f4598205acfc,,,,,,,,,,,ff6c6bfd-5b73-48f0-97bc-12ed220d83c7,무염 닭육수,200,ml,5,,,,,,,,,
recipe_ingredients,b97934d9-17b2-4984-ab7c-3c8d9214c92d,,,,,,,,,,,9c8198d7-44c7-4a7f-ab35-fc443a9f7e49,닭가슴살,300,g,1,,,,,,,,,
recipe_ingredients,79103cc1-4273-42e6-8c52-44d7f784796d,,,,,,,,,,,6c4a329e-e47b-4222-8d98-eead5303b0e0,단호박,150,g,1,,,,,,,,,
recipe_ingredients,921bd3f5-a259-4035-b801-6c7862899013,,,,,,,,,,,6c4a329e-e47b-4222-8d98-eead5303b0e0,귀리,50,g,2,,,,,,,,,
recipe_ingredients,22bbaed4-7a9e-43c2-bdef-1b2c341e12a5,,,,,,,,,,,6c4a329e-e47b-4222-8d98-eead5303b0e0,달걀,1,개,3,,,,,,,,,
recipe_ingredients,dfd487be-f848-42a6-89aa-3549d4673afd,,,,,,,,,,,3a8a8c2d-209c-4ab2-914f-606ef3a8f66e,고구마,200,g,1,,,,,,,,,
recipe_ingredients,3aa55b54-01f1-4d8d-bc43-80832539ce4c,,,,,,,,,,,3a8a8c2d-209c-4ab2-914f-606ef3a8f66e,바나나,1,개,2,,,,,,,,,
recipe_ingredients,3856c56d-f6b3-4a4b-94c2-8319eace79b5,,,,,,,,,,,2027c0a3-0b58-4ebb-893a-5505c93ff27c,연어,120,g,1,,,,,,,,,
recipe_ingredients,a99b5a52-919f-44e5-a2eb-99470e15534d,,,,,,,,,,,2027c0a3-0b58-4ebb-893a-5505c93ff27c,현미,80,g,2,,,,,,,,,
recipe_ingredients,a4503ecc-cb0e-4866-a5e8-881935854267,,,,,,,,,,,2027c0a3-0b58-4ebb-893a-5505c93ff27c,시금치,30,g,3,,,,,,,,,
recipe_ingredients,d6e1124a-ccb2-4797-bb5c-8217ec358297,,,,,,,,,,,2027c0a3-0b58-4ebb-893a-5505c93ff27c,당근,30,g,4,,,,,,,,,
recipe_ingredients,cf1ae54f-016f-40e2-a275-6e113c92671e,,,,,,,,,,,a31ce850-673b-45a9-9f61-05965e8a02d0,소고기 다짐육,150,g,1,,,,,,,,,
recipe_ingredients,68a421b1-f115-472c-ae48-8c8969358c8f,,,,,,,,,,,a31ce850-673b-45a9-9f61-05965e8a02d0,블루베리,30,g,2,,,,,,,,,
recipe_ingredients,7ab3203d-f1d9-419f-b764-f56dafd5b539,,,,,,,,,,,a31ce850-673b-45a9-9f61-05965e8a02d0,귀리,40,g,3,,,,,,,,,
recipe_ingredients,abec5d7b-3d84-4961-8403-8af1c693973e,,,,,,,,,,,a31ce850-673b-45a9-9f61-05965e8a02d0,시금치,20,g,4,,,,,,,,,
recipe_ingredients,3a503171-bc3a-4092-926f-1fe04ca19182,,,,,,,,,,,0340ad91-8ae9-4878-be93-f05725e0bec6,닭가슴살,100,g,1,,,,,,,,,
recipe_ingredients,53231fb9-1212-412d-973d-6acd413e5acf,,,,,,,,,,,0340ad91-8ae9-4878-be93-f05725e0bec6,바나나,0.5,개,2,,,,,,,,,
recipe_ingredients,4a661188-1773-45ac-acc4-b18d6389bf49,,,,,,,,,,,0340ad91-8ae9-4878-be93-f05725e0bec6,귀리,50,g,3,,,,,,,,,
recipe_ingredients,e22b485e-a6fa-4835-8388-eafbcfaef8cd,,,,,,,,,,,0340ad91-8ae9-4878-be93-f05725e0bec6,당근,30,g,4,,,,,,,,,
recipe_ingredients,e6027a61-734a-4f6d-bb07-1532bb63318d,,,,,,,,,,,c1a82f58-2baf-48be-bcb5-1a4aaf2f8cca,황태,80,g,1,,,,,,,,,
recipe_ingredients,a0fd6b9c-086e-4ae0-bc2a-c1968534b288,,,,,,,,,,,c1a82f58-2baf-48be-bcb5-1a4aaf2f8cca,당근,30,g,2,,,,,,,,,
recipe_ingredients,7a493aff-d60c-4001-9c10-22d4fe5ff303,,,,,,,,,,,c1a82f58-2baf-48be-bcb5-1a4aaf2f8cca,호박,40,g,3,,,,,,,,,
recipe_ingredients,ec66a434-5566-457a-9c84-00cf0a09fe2d,,,,,,,,,,,c1a82f58-2baf-48be-bcb5-1a4aaf2f8cca,물,400,ml,4,,,,,,,,,
recipe_ingredients,14e5cff0-cdea-49e7-a5a3-f088b9a7a212,,,,,,,,,,,b8d6752b-7d72-4792-97f4-1b0332ef38cb,달걀,2,개,1,,,,,,,,,
recipe_ingredients,9711dc90-b548-47a5-8825-a674e6e34314,,,,,,,,,,,b8d6752b-7d72-4792-97f4-1b0332ef38cb,브로콜리,40,g,2,,,,,,,,,
recipe_ingredients,8046b117-04e2-499d-a8da-8d363d5fb23d,,,,,,,,,,,b8d6752b-7d72-4792-97f4-1b0332ef38cb,파프리카,30,g,3,,,,,,,,,
recipe_ingredients,aeae633e-c08d-4fc9-bbae-6b03fadc1658,,,,,,,,,,,b8d6752b-7d72-4792-97f4-1b0332ef38cb,새송이버섯,30,g,4,,,,,,,,,
recipe_ingredients,01e800a5-8159-4269-9640-c3a7ac560c15,,,,,,,,,,,c398390c-7910-455c-9f1c-fd765a4c883e,찹쌀,80,g,1,,,,,,,,,
recipe_ingredients,12644add-4ef8-490c-b984-c9ffb8f96636,,,,,,,,,,,c398390c-7910-455c-9f1c-fd765a4c883e,닭가슴살,100,g,2,,,,,,,,,
recipe_ingredients,d31ed852-ac93-4f89-99b2-ab2fc0fcb765,,,,,,,,,,,c398390c-7910-455c-9f1c-fd765a4c883e,당근,30,g,3,,,,,,,,,
recipe_ingredients,a8e8ff4e-4416-4178-8731-b1b4465404a4,,,,,,,,,,,c398390c-7910-455c-9f1c-fd765a4c883e,파프리카,20,g,4,,,,,,,,,
recipe_ingredients,3ff1092b-274f-467d-9e9e-a387598e82ce,,,,,,,,,,,12f35351-6027-4ac7-a8d2-cfe941641e92,락토프리 우유,200,ml,1,,,,,,,,,
recipe_ingredients,22fe3510-b89a-40b0-9931-8ab2f411d8fa,,,,,,,,,,,12f35351-6027-4ac7-a8d2-cfe941641e92,블루베리,50,g,2,,,,,,,,,
recipe_ingredients,20f1991d-7d52-47d2-a326-95ccf1476a56,,,,,,,,,,,12f35351-6027-4ac7-a8d2-cfe941641e92,딸기,40,g,3,,,,,,,,,
recipe_ingredients,034bc25d-909e-417a-b8dc-cbd4e3723629,,,,,,,,,,,12f35351-6027-4ac7-a8d2-cfe941641e92,바나나,0.5,개,4,,,,,,,,,
recipe_ingredients,8b32eb27-f6d5-461c-bcf1-4331552684d0,,,,,,,,,,,084beeef-105a-4105-a782-266a72fd0f56,두부,100,g,1,,,,,,,,,
recipe_ingredients,f71a8881-e8df-470f-bc48-e159a5762575,,,,,,,,,,,084beeef-105a-4105-a782-266a72fd0f56,닭가슴살,100,g,2,,,,,,,,,
recipe_ingredients,b3183d2a-5a45-4319-9682-259ec35ee996,,,,,,,,,,,084beeef-105a-4105-a782-266a72fd0f56,당근,30,g,3,,,,,,,,,
recipe_ingredients,74298a11-0151-4b52-b095-708c2c4e5328,,,,,,,,,,,084beeef-105a-4105-a782-266a72fd0f56,시금치,20,g,4,,,,,,,,,
recipe_ingredients,e946bed4-44fa-45b4-9ba2-e808ac8b175e,,,,,,,,,,,a2c9921d-c500-4b6c-ab52-799aadc0f9e7,칠면조 다짐육,150,g,1,,,,,,,,,
recipe_ingredients,95d92b82-6227-43b1-a76b-21c65a4cc33e,,,,,,,,,,,a2c9921d-c500-4b6c-ab52-799aadc0f9e7,고구마,60,g,2,,,,,,,,,
recipe_ingredients,7ea79006-d857-4a07-8c24-156bf0cd2f39,,,,,,,,,,,a2c9921d-c500-4b6c-ab52-799aadc0f9e7,녹두,30,g,3,,,,,,,,,
recipe_ingredients,edb315f8-5ac0-4923-9776-aab68a39eb10,,,,,,,,,,,a2c9921d-c500-4b6c-ab52-799aadc0f9e7,파슬리,5,g,4,,,,,,,,,
recipe_ingredients,d5e752e9-7d2c-4aa5-b2f6-159b8c4eb7ea,,,,,,,,,,,c68efab6-12d6-4f83-ab04-973bf41a633f,닭고기,100,g,1,,,,,,,,,
recipe_ingredients,0ad901b9-290b-433d-9d4b-4fe3648d1f32,,,,,,,,,,,c68efab6-12d6-4f83-ab04-973bf41a633f,당근,50,g,2,,,,,,,,,
recipe_ingredients,ef17d1b2-7877-4a88-809f-fa181747cd63,,,,,,,,,,,c68efab6-12d6-4f83-ab04-973bf41a633f,귀리가루,80,g,3,,,,,,,,,
recipe_ingredients,28968d4b-b164-44b4-8aa7-e9298e4ccf19,,,,,,,,,,,c68efab6-12d6-4f83-ab04-973bf41a633f,달걀,1,개,4,,,,,,,,,
recipe_ingredients,74d87624-a5c6-426a-a43b-4141ae29b21b,,,,,,,,,,,054db5a3-3bbe-4922-93b8-6eba609e378b,고등어,150,g,1,,,,,,,,,
recipe_ingredients,f8bfd3cd-847d-4b5d-9733-b3837f063ed2,,,,,,,,,,,054db5a3-3bbe-4922-93b8-6eba609e378b,귀리,40,g,2,,,,,,,,,
recipe_ingredients,a2f3f750-89a7-44c1-be5d-c636681d618b,,,,,,,,,,,054db5a3-3bbe-4922-93b8-6eba609e378b,당근,30,g,3,,,,,,,,,
recipe_ingredients,1905892e-ecc8-41e3-86bd-381db19e5df7,,,,,,,,,,,054db5a3-3bbe-4922-93b8-6eba609e378b,타우린 파우더,0.5,g,4,,,,,,,,,
recipe_ingredients,0bc262e7-6db0-4de7-9eca-ea85f8c2fa0d,,,,,,,,,,,b13a2129-72b5-4e9a-89db-fbe28d4b276d,닭가슴살 육수,300,ml,1,,,,,,,,,
recipe_ingredients,7693a1ba-7593-4fd1-be07-3d7a5e7c7034,,,,,,,,,,,b13a2129-72b5-4e9a-89db-fbe28d4b276d,한천가루,4,g,2,,,,,,,,,
recipe_ingredients,b5a0fdda-b2e6-46bc-994a-195b661ea707,,,,,,,,,,,b13a2129-72b5-4e9a-89db-fbe28d4b276d,당근,20,g,3,,,,,,,,,
recipe_ingredients,7f7f333e-b939-4400-be34-12fee4138d39,,,,,,,,,,,e352a69f-fe39-4bbb-b732-2b15b43c74dc,무염 참치캔,100,g,1,,,,,,,,,
recipe_ingredients,3f73cd45-0a4a-489e-869f-6540499e8d92,,,,,,,,,,,e352a69f-fe39-4bbb-b732-2b15b43c74dc,무염 닭육수,100,ml,2,,,,,,,,,
recipe_ingredients,34ef5e8c-39e2-4d32-9f2e-057db7524d9f,,,,,,,,,,,e352a69f-fe39-4bbb-b732-2b15b43c74dc,한천가루,3,g,3,,,,,,,,,
recipe_ingredients,fddfee2c-dc3a-47c0-ad47-3294e540631b,,,,,,,,,,,3deebe22-f7fa-44f9-b854-77d9fc93bab2,닭가슴살,120,g,1,,,,,,,,,
recipe_ingredients,202f160a-6d28-4e3a-8b5b-2625f8995d71,,,,,,,,,,,3deebe22-f7fa-44f9-b854-77d9fc93bab2,귀리가루,60,g,2,,,,,,,,,
recipe_ingredients,809c4028-3b5f-4569-9be7-2bac4fda487c,,,,,,,,,,,3deebe22-f7fa-44f9-b854-77d9fc93bab2,달걀흰자,1,개,3,,,,,,,,,
recipe_ingredients,524ce2db-3bfc-49a8-96c9-a15e854853f4,,,,,,,,,,,c4f30a74-7b35-444b-87ae-a25b61a52270,정어리,120,g,1,,,,,,,,,
recipe_ingredients,764be98a-9886-40df-856f-b6d27758412f,,,,,,,,,,,c4f30a74-7b35-444b-87ae-a25b61a52270,귀리가루,60,g,2,,,,,,,,,
recipe_ingredients,1cd3a100-6070-4786-bd5e-1af384c30d22,,,,,,,,,,,c4f30a74-7b35-444b-87ae-a25b61a52270,달걀,1,개,3,,,,,,,,,
recipe_steps,bc2c2d95-bf2e-483d-9c8f-fa2ce306d827,,닭가슴살을 끓는 물에 삶아 잘게 찢는다.,,,,,,,,,a4657fcd-600c-4e52-9065-cf675cffdb18,,,,,1,,,,,,,,
recipe_steps,4e9eaa6d-1749-449a-a622-b024aed2f9aa,,"당근, 파프리카, 브로콜리를 잘게 썬다.",,,,,,,,,a4657fcd-600c-4e52-9065-cf675cffdb18,,,,,2,,,,,,,,
recipe_steps,53463106-0ade-454a-8208-97af9fefcea7,,팬에 현미밥과 채소를 넣고 물 2큰술을 넣어 볶는다.,,,,,,,,,a4657fcd-600c-4e52-9065-cf675cffdb18,,,,,3,,,,,,,,
recipe_steps,9000a6b7-6810-426c-8acf-c5d54fe78024,,닭가슴살을 넣고 골고루 섞어 완성한다.,,,,,,,,,a4657fcd-600c-4e52-9065-cf675cffdb18,,,,,4,,,,,,,,
recipe_steps,a75ee2cb-12eb-40aa-8d11-3637f9bc5fa4,,소고기 안심을 핏물 제거 후 한입 크기로 썬다.,,,,,,,,,ff6c6bfd-5b73-48f0-97bc-12ed220d83c7,,,,,1,,,,,,,,
recipe_steps,33afda9f-0ecf-4779-a36d-3c749ebee7d1,,"감자, 당근, 브로콜리를 먹기 좋게 썬다.",,,,,,,,,ff6c6bfd-5b73-48f0-97bc-12ed220d83c7,,,,,2,,,,,,,,
recipe_steps,64a3291a-24cc-4100-8a6a-a16fc95b6d88,,냄비에 육수를 붓고 소고기를 넣어 중불로 끓인다.,,,,,,,,,ff6c6bfd-5b73-48f0-97bc-12ed220d83c7,,,,,3,,,,,,,,
recipe_steps,3ac83e28-fcd2-4680-b686-56b4a2c5cd30,,채소를 넣고 20분 더 끓인 뒤 식혀서 제공한다.,,,,,,,,,ff6c6bfd-5b73-48f0-97bc-12ed220d83c7,,,,,4,,,,,,,,
recipe_steps,a120c143-eaae-429b-a7b6-abe016565b8c,,식초를 푼 물에 닭가슴살을 씻어 준다.,,,,,,,,,9c8198d7-44c7-4a7f-ab35-fc443a9f7e49,,,,,1,,,,,,,,
recipe_steps,bda8ef9f-21b3-4f4d-856c-afd4cb8cf777,,먹기 좋은 크기로 길게 썬다.,,,,,,,,,9c8198d7-44c7-4a7f-ab35-fc443a9f7e49,,,,,2,,,,,,,,
recipe_steps,d2eefdd3-be6b-46e3-acb0-72035c51ef4b,,식품건조기에 넣고 60도에서 6시간 건조한다.,,,,,,,,,9c8198d7-44c7-4a7f-ab35-fc443a9f7e49,,,,,3,,,,,,,,
recipe_steps,9cdc9298-2cfe-4e8d-98b5-d6aeb9f86ca2,,완전히 식힌 후 밀폐용기에 보관한다.,,,,,,,,,9c8198d7-44c7-4a7f-ab35-fc443a9f7e49,,,,,4,,,,,,,,
recipe_steps,68366c47-c83c-4b6b-90a0-9e1c07e28196,,단호박을 찜기에 20분 쪄서 식힌다.,,,,,,,,,6c4a329e-e47b-4222-8d98-eead5303b0e0,,,,,1,,,,,,,,
recipe_steps,615668d1-5ab4-4819-a8dd-2620afa4ea3d,,껍질을 제거하고 으깬다.,,,,,,,,,6c4a329e-e47b-4222-8d98-eead5303b0e0,,,,,2,,,,,,,,
recipe_steps,2c5b7ccc-feee-45f8-8a28-e4484f881843,,"귀리, 달걀을 넣어 반죽한다.",,,,,,,,,6c4a329e-e47b-4222-8d98-eead5303b0e0,,,,,3,,,,,,,,
recipe_steps,7002c745-5f0d-47a5-8d31-572bc033eb43,,작은 볼 모양으로 빚어 180도 오븐에 15분 굽는다.,,,,,,,,,6c4a329e-e47b-4222-8d98-eead5303b0e0,,,,,4,,,,,,,,
recipe_steps,9a582708-f27a-4976-b616-b6323fa585a0,,고구마를 깨끗이 씻어 찐다.,,,,,,,,,3a8a8c2d-209c-4ab2-914f-606ef3a8f66e,,,,,1,,,,,,,,
recipe_steps,706b793b-c7ad-4c78-9a98-343186e594da,,바나나와 함께 적당히 썬다.,,,,,,,,,3a8a8c2d-209c-4ab2-914f-606ef3a8f66e,,,,,2,,,,,,,,
recipe_steps,8ee62967-f741-48aa-bfff-5e0d5a31f18d,,식품건조기에 넣고 7시간 건조한다.,,,,,,,,,3a8a8c2d-209c-4ab2-914f-606ef3a8f66e,,,,,3,,,,,,,,
recipe_steps,2cb8dc51-fc07-44e5-b533-53f6b041ce7f,,완전히 식혀 제공한다.,,,,,,,,,3a8a8c2d-209c-4ab2-914f-606ef3a8f66e,,,,,4,,,,,,,,
recipe_steps,eab70501-b1b8-4d4b-bf30-345410e17169,,연어는 소금 없이 팬에 굽거나 쪄서 잘게 부순다.,,,,,,,,,2027c0a3-0b58-4ebb-893a-5505c93ff27c,,,,,1,,,,,,,,
recipe_steps,65c8f330-bb2c-4831-a6e9-a0d082b39a8b,,현미를 무염으로 밥 지은 후 식힌다.,,,,,,,,,2027c0a3-0b58-4ebb-893a-5505c93ff27c,,,,,2,,,,,,,,
recipe_steps,a6033fde-0580-405c-b584-89523b03e26a,,"시금치, 당근을 데쳐 잘게 썬다.",,,,,,,,,2027c0a3-0b58-4ebb-893a-5505c93ff27c,,,,,3,,,,,,,,
recipe_steps,0f42a3ec-8ca1-4760-977f-f6d9855dea34,,모든 재료를 섞어 그릇에 담아 제공한다.,,,,,,,,,2027c0a3-0b58-4ebb-893a-5505c93ff27c,,,,,4,,,,,,,,
recipe_steps,eda28daa-12a4-43e2-8ed0-0b63bc090563,,소고기 다짐육을 무염 팬에 충분히 익힌다.,,,,,,,,,a31ce850-673b-45a9-9f61-05965e8a02d0,,,,,1,,,,,,,,
recipe_steps,a0e1bdd9-c31e-4b90-8b84-5a402896d0aa,,"블루베리, 시금치를 잘게 다진다.",,,,,,,,,a31ce850-673b-45a9-9f61-05965e8a02d0,,,,,2,,,,,,,,
recipe_steps,0190bb92-3080-416a-af01-e659c8176d80,,귀리를 물에 불려 익힌다.,,,,,,,,,a31ce850-673b-45a9-9f61-05965e8a02d0,,,,,3,,,,,,,,
recipe_steps,fd028a16-ef64-4f7e-a745-bc6b95ae2e12,,모든 재료를 섞어 볼 모양으로 만든다.,,,,,,,,,a31ce850-673b-45a9-9f61-05965e8a02d0,,,,,4,,,,,,,,
recipe_steps,0c3175d7-f09d-4fc7-909a-6c7de666c279,,닭가슴살을 삶아 잘게 찢는다.,,,,,,,,,0340ad91-8ae9-4878-be93-f05725e0bec6,,,,,1,,,,,,,,
recipe_steps,c96fde70-2796-4186-b47b-357962e65c6a,,바나나를 으깨고 당근은 잘게 다진다.,,,,,,,,,0340ad91-8ae9-4878-be93-f05725e0bec6,,,,,2,,,,,,,,
recipe_steps,42d64a10-6909-40c6-84b9-a77e47720e04,,귀리를 물에 불린다.,,,,,,,,,0340ad91-8ae9-4878-be93-f05725e0bec6,,,,,3,,,,,,,,
recipe_steps,0a56de60-70ee-415e-96f4-eaba21e95daf,,모든 재료를 섞어 볼 모양으로 빚어 오븐 170도 12분 굽는다.,,,,,,,,,0340ad91-8ae9-4878-be93-f05725e0bec6,,,,,4,,,,,,,,
recipe_steps,b0c3b81b-2756-43be-a7b0-a735cf3577af,,황태를 물에 30분 담가 염분을 제거한다.,,,,,,,,,c1a82f58-2baf-48be-bcb5-1a4aaf2f8cca,,,,,1,,,,,,,,
recipe_steps,3570185c-4c42-4873-a739-461e6e3cba9b,,황태를 새 물에 넣고 중불로 1시간 끓인다.,,,,,,,,,c1a82f58-2baf-48be-bcb5-1a4aaf2f8cca,,,,,2,,,,,,,,
recipe_steps,ef39a8ae-f680-4f8c-b4e0-c13a288d266e,,"당근, 호박을 잘게 썰어 넣고 20분 더 끓인다.",,,,,,,,,c1a82f58-2baf-48be-bcb5-1a4aaf2f8cca,,,,,3,,,,,,,,
recipe_steps,b3baeabf-91b5-4d5c-b021-71799f3e5c95,,식혀서 육수와 함께 사료에 섞어 제공한다.,,,,,,,,,c1a82f58-2baf-48be-bcb5-1a4aaf2f8cca,,,,,4,,,,,,,,
recipe_steps,6e143fa9-825a-4877-bd36-f814d9d6c794,,달걀을 잘 풀어준다.,,,,,,,,,b8d6752b-7d72-4792-97f4-1b0332ef38cb,,,,,1,,,,,,,,
recipe_steps,6872dc89-4ac8-4d55-baa9-7f1a870c26b0,,"브로콜리, 파프리카, 새송이버섯을 잘게 썬다.",,,,,,,,,b8d6752b-7d72-4792-97f4-1b0332ef38cb,,,,,2,,,,,,,,
recipe_steps,93e23838-f999-4eb4-89f0-6354ba4f0b80,,"달걀과 채소, 물을 잘 섞는다.",,,,,,,,,b8d6752b-7d72-4792-97f4-1b0332ef38cb,,,,,3,,,,,,,,
recipe_steps,a9f73762-f6ad-49c2-a802-cff5551ab47d,,중불로 약 15분 쪄서 식혀 제공한다.,,,,,,,,,b8d6752b-7d72-4792-97f4-1b0332ef38cb,,,,,4,,,,,,,,
recipe_steps,4394e37d-8188-4ae9-93ea-a3455fc0c078,,찹쌀을 물에 3시간 이상 불린다.,,,,,,,,,c398390c-7910-455c-9f1c-fd765a4c883e,,,,,1,,,,,,,,
recipe_steps,78869a02-e447-42c3-8325-4845071e893a,,닭가슴살을 끓는 물에 삶아 잘게 찢는다.,,,,,,,,,c398390c-7910-455c-9f1c-fd765a4c883e,,,,,2,,,,,,,,
recipe_steps,bf791a56-f538-40bb-988d-46013ebc36c6,,"당근, 파프리카를 잘게 썬다.",,,,,,,,,c398390c-7910-455c-9f1c-fd765a4c883e,,,,,3,,,,,,,,
recipe_steps,57722239-8146-4c2f-a045-b17b658de0b7,,"냄비에 찹쌀과 채소, 닭육수를 넣고 푹 끓인다.",,,,,,,,,c398390c-7910-455c-9f1c-fd765a4c883e,,,,,4,,,,,,,,
recipe_steps,82f83a30-71cf-40ea-a56d-88acd7b579d4,,닭가슴살을 넣고 죽 농도로 마무리한다.,,,,,,,,,c398390c-7910-455c-9f1c-fd765a4c883e,,,,,5,,,,,,,,
recipe_steps,e08164ba-b183-4577-be6e-a486aa1f670a,,"락토프리 우유, 블루베리, 딸기, 바나나를 믹서에 간다.",,,,,,,,,12f35351-6027-4ac7-a8d2-cfe941641e92,,,,,1,,,,,,,,
recipe_steps,6d807f50-5331-4335-be39-5c332f1a9a70,,얼음틀에 담아 냉동실에 넣는다.,,,,,,,,,12f35351-6027-4ac7-a8d2-cfe941641e92,,,,,2,,,,,,,,
recipe_steps,9baf7b5c-e751-4b97-af27-93090849b14b,,완전히 얼면 꺼내서 제공한다.,,,,,,,,,12f35351-6027-4ac7-a8d2-cfe941641e92,,,,,3,,,,,,,,
recipe_steps,f5992486-f0fc-4954-a8bf-3a3835be4b33,,두부를 으깬다.,,,,,,,,,084beeef-105a-4105-a782-266a72fd0f56,,,,,1,,,,,,,,
recipe_steps,e3ecf041-148f-462f-97db-3e79f2a3a76f,,닭가슴살을 삶아 잘게 찢는다.,,,,,,,,,084beeef-105a-4105-a782-266a72fd0f56,,,,,2,,,,,,,,
recipe_steps,3d0783d0-d55d-4ec4-9769-d91b0fd03b45,,"당근, 시금치를 데쳐 잘게 썬다.",,,,,,,,,084beeef-105a-4105-a782-266a72fd0f56,,,,,3,,,,,,,,
recipe_steps,6eb62979-8ede-4feb-acfe-491e79e7b1ca,,모든 재료를 섞어 볼 모양으로 만든다.,,,,,,,,,084beeef-105a-4105-a782-266a72fd0f56,,,,,4,,,,,,,,
recipe_steps,006a4eed-c8b4-4d2d-a1fc-a7f652a5dd17,,칠면조 다짐육을 무염 팬에 익힌다.,,,,,,,,,a2c9921d-c500-4b6c-ab52-799aadc0f9e7,,,,,1,,,,,,,,
recipe_steps,83881e1d-03fb-42ba-a018-f2d3029112bd,,고구마를 쪄서 으깬다.,,,,,,,,,a2c9921d-c500-4b6c-ab52-799aadc0f9e7,,,,,2,,,,,,,,
recipe_steps,72e2b158-284b-4e0e-b220-40c2b9c4045e,,녹두를 삶는다.,,,,,,,,,a2c9921d-c500-4b6c-ab52-799aadc0f9e7,,,,,3,,,,,,,,
recipe_steps,484a5f69-dd38-4f06-ac7d-2a87399b9b79,,모든 재료를 섞어 볼 모양으로 만든다.,,,,,,,,,a2c9921d-c500-4b6c-ab52-799aadc0f9e7,,,,,4,,,,,,,,
recipe_steps,1db51309-3f9b-4d21-b9e4-1f309d3bf794,,닭고기를 잘게 다진다.,,,,,,,,,c68efab6-12d6-4f83-ab04-973bf41a633f,,,,,1,,,,,,,,
recipe_steps,1f7b98d2-56f1-4b11-bc25-56a7c71538ba,,당근을 강판에 간다.,,,,,,,,,c68efab6-12d6-4f83-ab04-973bf41a633f,,,,,2,,,,,,,,
recipe_steps,85777c67-e31f-476e-98bb-43dd7ee61af6,,"귀리가루, 달걀, 닭고기, 당근을 반죽한다.",,,,,,,,,c68efab6-12d6-4f83-ab04-973bf41a633f,,,,,3,,,,,,,,
recipe_steps,d0ac22cd-dca0-4640-b463-9aa9958159d8,,모양틀로 찍어 오븐 180도 18분 굽는다.,,,,,,,,,c68efab6-12d6-4f83-ab04-973bf41a633f,,,,,4,,,,,,,,
recipe_steps,c4790b09-ea02-454c-91f2-33fbd684b217,,고등어를 무염으로 쪄서 뼈를 제거한다.,,,,,,,,,054db5a3-3bbe-4922-93b8-6eba609e378b,,,,,1,,,,,,,,
recipe_steps,365328ff-2814-40ce-a50f-6f1565945882,,귀리를 물에 불려 익힌다.,,,,,,,,,054db5a3-3bbe-4922-93b8-6eba609e378b,,,,,2,,,,,,,,
recipe_steps,88ebd74b-8f67-4775-ad15-435fa78b6a52,,"고등어, 귀리, 당근을 믹서로 갈아 파테를 만든다.",,,,,,,,,054db5a3-3bbe-4922-93b8-6eba609e378b,,,,,3,,,,,,,,
recipe_steps,93dbe4f1-3942-4e72-8a52-f333cd9e4f2c,,타우린 파우더를 첨가하고 냉장 보관한다.,,,,,,,,,054db5a3-3bbe-4922-93b8-6eba609e378b,,,,,4,,,,,,,,
recipe_steps,2fecf66f-3799-4066-a9f6-f40ebb9327af,,닭가슴살 육수를 끓인다.,,,,,,,,,b13a2129-72b5-4e9a-89db-fbe28d4b276d,,,,,1,,,,,,,,
recipe_steps,acf65d5a-927d-4991-b319-419a30d818af,,한천가루를 넣고 2분 저으며 끓인다.,,,,,,,,,b13a2129-72b5-4e9a-89db-fbe28d4b276d,,,,,2,,,,,,,,
recipe_steps,c774534f-c0a6-47e4-818d-20ec15223110,,당근을 잘게 썰어 넣는다.,,,,,,,,,b13a2129-72b5-4e9a-89db-fbe28d4b276d,,,,,3,,,,,,,,
recipe_steps,ad59d864-b9a5-402f-b607-f8d79a6348b9,,틀에 담아 냉장 30분 굳힌 후 제공한다.,,,,,,,,,b13a2129-72b5-4e9a-89db-fbe28d4b276d,,,,,4,,,,,,,,
recipe_steps,50415a7f-0170-4b6c-912c-ccc788b22a14,,무염 참치캔의 기름을 제거하고 물기를 뺀다.,,,,,,,,,e352a69f-fe39-4bbb-b732-2b15b43c74dc,,,,,1,,,,,,,,
recipe_steps,47d30390-6ddc-4aba-b91d-473616f10f92,,닭육수와 함께 블렌더로 곱게 간다.,,,,,,,,,e352a69f-fe39-4bbb-b732-2b15b43c74dc,,,,,2,,,,,,,,
recipe_steps,eb2479e5-e841-45ed-b2dd-94c097e69503,,냄비에 넣고 한천가루를 넣어 끓인다.,,,,,,,,,e352a69f-fe39-4bbb-b732-2b15b43c74dc,,,,,3,,,,,,,,
recipe_steps,9ca0b6f7-0888-4028-8171-af2c7d9fcde6,,짤주머니에 담아 냉장 보관한다.,,,,,,,,,e352a69f-fe39-4bbb-b732-2b15b43c74dc,,,,,4,,,,,,,,
recipe_steps,78a6622e-0861-47fc-a0f3-5813e0e892ad,,닭가슴살을 삶아 잘게 다진다.,,,,,,,,,3deebe22-f7fa-44f9-b854-77d9fc93bab2,,,,,1,,,,,,,,
recipe_steps,ee4c2727-e1a9-435c-8b57-a57335e36502,,"귀리가루, 달걀흰자와 반죽한다.",,,,,,,,,3deebe22-f7fa-44f9-b854-77d9fc93bab2,,,,,2,,,,,,,,
recipe_steps,96aa5447-f1d6-430c-9ce9-e58f4f93b764,,오븐 트레이에 펴 놓고 175도 20분 굽는다.,,,,,,,,,3deebe22-f7fa-44f9-b854-77d9fc93bab2,,,,,3,,,,,,,,
recipe_steps,1de00171-32ad-4977-9f0d-3bd464f59ae9,,완전히 식혀 작게 부수어 제공한다.,,,,,,,,,3deebe22-f7fa-44f9-b854-77d9fc93bab2,,,,,4,,,,,,,,
recipe_steps,c5b365e7-dea6-46d6-8744-5783d4e2ee27,,정어리를 무염으로 쪄서 뼈를 제거한다.,,,,,,,,,c4f30a74-7b35-444b-87ae-a25b61a52270,,,,,1,,,,,,,,
recipe_steps,4b266c0e-11b0-45c1-a440-1868174b21d5,,"귀리가루, 달걀과 함께 반죽한다.",,,,,,,,,c4f30a74-7b35-444b-87ae-a25b61a52270,,,,,2,,,,,,,,
recipe_steps,8dbe3d19-7cdc-42f7-9416-4c224f38af26,,오븐 175도 18분 굽는다.,,,,,,,,,c4f30a74-7b35-444b-87ae-a25b61a52270,,,,,3,,,,,,,,
recipe_steps,333ac4b8-9705-4b25-ad42-034e99f814ee,,식혀서 보관한다.,,,,,,,,,c4f30a74-7b35-444b-87ae-a25b61a52270,,,,,4,,,,,,,,
recipe_tags,617620bd-1fa0-4dd6-bb21-a84645b4ddaf,,,,,,,,,,,a4657fcd-600c-4e52-9065-cf675cffdb18,,,,,,purpose,다이어트,,,,,,
recipe_tags,1f0ee6a1-b468-407e-b395-0c9dfda2ccc7,,,,,,,,,,,a4657fcd-600c-4e52-9065-cf675cffdb18,,,,,,ingredient,닭고기,,,,,,
recipe_tags,46df962f-e28e-42a0-957b-c59139e1b857,,,,,,,,,,,a4657fcd-600c-4e52-9065-cf675cffdb18,,,,,,purpose,저지방,,,,,,
recipe_tags,b33f2918-6c42-47f9-9af5-cb7faa71c0d9,,,,,,,,,,,ff6c6bfd-5b73-48f0-97bc-12ed220d83c7,,,,,,disease,관절염,,,,,,
recipe_tags,d3beb437-9423-4011-8788-baeb2552437e,,,,,,,,,,,ff6c6bfd-5b73-48f0-97bc-12ed220d83c7,,,,,,ingredient,소고기,,,,,,
recipe_tags,a48533bb-d522-40b0-8dce-4fcf1735a840,,,,,,,,,,,ff6c6bfd-5b73-48f0-97bc-12ed220d83c7,,,,,,purpose,면역력,,,,,,
recipe_tags,3eef233b-1b88-487b-b242-5e3ad17e186b,,,,,,,,,,,9c8198d7-44c7-4a7f-ab35-fc443a9f7e49,,,,,,ingredient,닭고기,,,,,,
recipe_tags,feb80c1a-d572-4896-9bbb-9650c96220f2,,,,,,,,,,,9c8198d7-44c7-4a7f-ab35-fc443a9f7e49,,,,,,purpose,고단백,,,,,,
recipe_tags,05d6ce6d-8059-4d27-ae6f-2ae48f1c0a51,,,,,,,,,,,9c8198d7-44c7-4a7f-ab35-fc443a9f7e49,,,,,,purpose,저지방,,,,,,
recipe_tags,d2d30b57-b9b1-48f8-8d9c-d93bf604879f,,,,,,,,,,,6c4a329e-e47b-4222-8d98-eead5303b0e0,,,,,,ingredient,단호박,,,,,,
recipe_tags,c49c6779-78ee-4f56-a201-9e1aa8200e50,,,,,,,,,,,6c4a329e-e47b-4222-8d98-eead5303b0e0,,,,,,purpose,눈건강,,,,,,
recipe_tags,75b51272-16a2-48a6-b381-a0b150914717,,,,,,,,,,,6c4a329e-e47b-4222-8d98-eead5303b0e0,,,,,,purpose,항산화,,,,,,
recipe_tags,8fde9e46-6250-4359-ac8d-f8dbbb96a226,,,,,,,,,,,3a8a8c2d-209c-4ab2-914f-606ef3a8f66e,,,,,,ingredient,고구마,,,,,,
recipe_tags,b73909e8-7ca3-416f-a68a-bff0b88e8891,,,,,,,,,,,3a8a8c2d-209c-4ab2-914f-606ef3a8f66e,,,,,,purpose,면역력,,,,,,
recipe_tags,23ea462d-b14b-4c5b-a4f1-858dbebe2fc7,,,,,,,,,,,3a8a8c2d-209c-4ab2-914f-606ef3a8f66e,,,,,,purpose,변비,,,,,,
recipe_tags,244661b1-4af9-46cb-9f35-47c9a8900c49,,,,,,,,,,,2027c0a3-0b58-4ebb-893a-5505c93ff27c,,,,,,ingredient,연어,,,,,,
recipe_tags,18e6e4ce-2015-4c5e-abf2-274239be042a,,,,,,,,,,,2027c0a3-0b58-4ebb-893a-5505c93ff27c,,,,,,purpose,오메가3,,,,,,
recipe_tags,520b9fb0-7ea6-4da1-833a-476b268ad921,,,,,,,,,,,2027c0a3-0b58-4ebb-893a-5505c93ff27c,,,,,,disease,피부염,,,,,,
recipe_tags,8d96e9e5-682b-48f1-9f30-2dd0f4aa5ea9,,,,,,,,,,,a31ce850-673b-45a9-9f61-05965e8a02d0,,,,,,ingredient,소고기,,,,,,
recipe_tags,5eaa25c2-a875-40c4-aab6-faa5dc29032e,,,,,,,,,,,a31ce850-673b-45a9-9f61-05965e8a02d0,,,,,,purpose,항산화,,,,,,
recipe_tags,8fd48534-a781-41d6-97f5-dcabebc5543b,,,,,,,,,,,a31ce850-673b-45a9-9f61-05965e8a02d0,,,,,,purpose,트렌드,,,,,,
recipe_tags,3e399b93-7607-4603-8ef5-e0387277d855,,,,,,,,,,,0340ad91-8ae9-4878-be93-f05725e0bec6,,,,,,purpose,장건강,,,,,,
recipe_tags,7baf5ad2-97dc-4dd3-b80c-247b585c72a5,,,,,,,,,,,0340ad91-8ae9-4878-be93-f05725e0bec6,,,,,,ingredient,닭고기,,,,,,
recipe_tags,27152de9-6284-4471-a09d-aa2550abace7,,,,,,,,,,,0340ad91-8ae9-4878-be93-f05725e0bec6,,,,,,purpose,저지방,,,,,,
recipe_tags,51e28708-7d99-4233-866f-7391a5d0035a,,,,,,,,,,,c1a82f58-2baf-48be-bcb5-1a4aaf2f8cca,,,,,,purpose,간건강,,,,,,
recipe_tags,9193d60f-c333-416b-b018-cdb4eb4351b4,,,,,,,,,,,c1a82f58-2baf-48be-bcb5-1a4aaf2f8cca,,,,,,disease,장염,,,,,,
recipe_tags,d97c5531-de88-47a6-89ba-6d0fdb2fc7b9,,,,,,,,,,,c1a82f58-2baf-48be-bcb5-1a4aaf2f8cca,,,,,,purpose,고단백,,,,,,
recipe_tags,ea953af4-c6e1-42be-8734-5dbfe28c6946,,,,,,,,,,,b8d6752b-7d72-4792-97f4-1b0332ef38cb,,,,,,ingredient,달걀,,,,,,
recipe_tags,144dee3c-b369-471f-a2b0-5754e70d5740,,,,,,,,,,,b8d6752b-7d72-4792-97f4-1b0332ef38cb,,,,,,purpose,고단백,,,,,,
recipe_tags,0b25aa1b-95f0-4ef0-8501-d5ba79b4ca7e,,,,,,,,,,,b8d6752b-7d72-4792-97f4-1b0332ef38cb,,,,,,purpose,기력회복,,,,,,
recipe_tags,3802fc8a-edb3-456d-8652-5b6171714e3b,,,,,,,,,,,c398390c-7910-455c-9f1c-fd765a4c883e,,,,,,purpose,소화,,,,,,
recipe_tags,a060cd48-d08a-4a62-b34b-b0b52aeaccb5,,,,,,,,,,,c398390c-7910-455c-9f1c-fd765a4c883e,,,,,,purpose,회복식,,,,,,
recipe_tags,ea492556-5b55-4a18-b4ab-181022d6e28b,,,,,,,,,,,c398390c-7910-455c-9f1c-fd765a4c883e,,,,,,ingredient,닭고기,,,,,,
recipe_tags,05051ae7-e996-4624-8a31-6ea8ea3fab7c,,,,,,,,,,,12f35351-6027-4ac7-a8d2-cfe941641e92,,,,,,purpose,여름간식,,,,,,
recipe_tags,9120053a-ce5e-4cde-9b98-81de0f8422e2,,,,,,,,,,,12f35351-6027-4ac7-a8d2-cfe941641e92,,,,,,purpose,항산화,,,,,,
recipe_tags,c78dc67b-d8b7-4720-9505-257f7c3fd9c5,,,,,,,,,,,12f35351-6027-4ac7-a8d2-cfe941641e92,,,,,,tag,디저트,,,,,,
recipe_tags,9e843f89-7181-45bb-a3e0-e278f762b3c6,,,,,,,,,,,084beeef-105a-4105-a782-266a72fd0f56,,,,,,purpose,다이어트,,,,,,
recipe_tags,a16f7e2c-fcba-4fc9-8e80-5f8019043f7e,,,,,,,,,,,084beeef-105a-4105-a782-266a72fd0f56,,,,,,purpose,저지방,,,,,,
recipe_tags,c31bb44b-efc4-4592-8f47-1bd1d8605e6a,,,,,,,,,,,084beeef-105a-4105-a782-266a72fd0f56,,,,,,ingredient,두부,,,,,,
recipe_tags,bbc04e5f-0cc9-4f46-8201-d5d6d892a035,,,,,,,,,,,a2c9921d-c500-4b6c-ab52-799aadc0f9e7,,,,,,purpose,고단백,,,,,,
recipe_tags,222e18a4-af59-41e0-ac86-d645b11e6f09,,,,,,,,,,,a2c9921d-c500-4b6c-ab52-799aadc0f9e7,,,,,,ingredient,칠면조,,,,,,
recipe_tags,98f9ffe1-32d5-4d7d-8a4a-dbc234bfa9c6,,,,,,,,,,,a2c9921d-c500-4b6c-ab52-799aadc0f9e7,,,,,,purpose,저지방,,,,,,
recipe_tags,afbd31f5-f79b-4d55-a581-39eba6f3533d,,,,,,,,,,,c68efab6-12d6-4f83-ab04-973bf41a633f,,,,,,ingredient,닭고기,,,,,,
recipe_tags,735bb125-2081-42cc-9a8c-ac1d8ddd77be,,,,,,,,,,,c68efab6-12d6-4f83-ab04-973bf41a633f,,,,,,ingredient,당근,,,,,,
recipe_tags,a11e6b54-9d9a-4ec6-8aca-d9d5e2c41dfd,,,,,,,,,,,c68efab6-12d6-4f83-ab04-973bf41a633f,,,,,,purpose,간식,,,,,,
recipe_tags,a984d1d6-fb67-4b4b-b2cf-9a153aa25f2b,,,,,,,,,,,054db5a3-3bbe-4922-93b8-6eba609e378b,,,,,,purpose,오메가3,,,,,,
recipe_tags,7a705069-bd10-4f1e-8f4d-28fa92f39754,,,,,,,,,,,054db5a3-3bbe-4922-93b8-6eba609e378b,,,,,,disease,피부염,,,,,,
recipe_tags,aab01e9a-e3fb-447e-a46c-b89ad85e0709,,,,,,,,,,,054db5a3-3bbe-4922-93b8-6eba609e378b,,,,,,tag,특수식,,,,,,
recipe_tags,6ab0b3fe-0629-42ef-ad5c-b1786fbc95cc,,,,,,,,,,,b13a2129-72b5-4e9a-89db-fbe28d4b276d,,,,,,purpose,수분보충,,,,,,
recipe_tags,5080330a-66f8-4574-bbac-1c107d375a3c,,,,,,,,,,,b13a2129-72b5-4e9a-89db-fbe28d4b276d,,,,,,disease,신장질환,,,,,,
recipe_tags,ae47155f-c6fa-4a1f-b60e-08696fcf4953,,,,,,,,,,,b13a2129-72b5-4e9a-89db-fbe28d4b276d,,,,,,tag,특수식,,,,,,
recipe_tags,ef8a1fd3-eb41-4207-9ad9-03aa00d43b6c,,,,,,,,,,,e352a69f-fe39-4bbb-b732-2b15b43c74dc,,,,,,purpose,기호성,,,,,,
recipe_tags,f72daed7-9065-4b80-994e-06641e1e7eb1,,,,,,,,,,,e352a69f-fe39-4bbb-b732-2b15b43c74dc,,,,,,ingredient,참치,,,,,,
recipe_tags,72f83f97-c1ca-4999-8e06-60933346503a,,,,,,,,,,,e352a69f-fe39-4bbb-b732-2b15b43c74dc,,,,,,tag,특수식,,,,,,
recipe_tags,b71d9f9e-b32b-4fac-bcd1-af7b74827f1a,,,,,,,,,,,3deebe22-f7fa-44f9-b854-77d9fc93bab2,,,,,,ingredient,닭고기,,,,,,
recipe_tags,c93ff906-2aed-4c91-b3c7-5a50cc69a62e,,,,,,,,,,,3deebe22-f7fa-44f9-b854-77d9fc93bab2,,,,,,purpose,저지방,,,,,,
recipe_tags,b38ac337-df8e-4fc8-94c1-c5b4a933c9fc,,,,,,,,,,,3deebe22-f7fa-44f9-b854-77d9fc93bab2,,,,,,purpose,간식,,,,,,
recipe_tags,f05b8da3-20a4-48d0-9250-df5632c1a349,,,,,,,,,,,c4f30a74-7b35-444b-87ae-a25b61a52270,,,,,,purpose,오메가3,,,,,,
recipe_tags,eb725cab-4232-4f26-aaa1-b6fd8d269b36,,,,,,,,,,,c4f30a74-7b35-444b-87ae-a25b61a52270,,,,,,disease,피부염,,,,,,
recipe_tags,2c43f11b-6137-435f-afef-bbb3d6a4b6d2,,,,,,,,,,,c4f30a74-7b35-444b-87ae-a25b61a52270,,,,,,purpose,간식,,,,,,
recipe_nutrition,6ac931dd-3e7a-4279-afd1-0f35eee03e46,,,,,,,,,,,a4657fcd-600c-4e52-9065-cf675cffdb18,,,,,,,,145,18.0,3.5,12.0,1.5,닭가슴살 기준 추정
recipe_nutrition,96e39412-74dc-430d-8303-c197f30808ba,,,,,,,,,,,ff6c6bfd-5b73-48f0-97bc-12ed220d83c7,,,,,,,,120,15.0,4.0,8.0,2.0,소고기 안심 기준 추정
recipe_nutrition,656f2c8e-fb65-46a7-93a8-f655efc7cf6f,,,,,,,,,,,9c8198d7-44c7-4a7f-ab35-fc443a9f7e49,,,,,,,,165,31.0,3.5,0.0,0.0,건조 후 100g 기준
recipe_nutrition,0bcc6be7-40e2-4706-bff6-1870d906aa17,,,,,,,,,,,6c4a329e-e47b-4222-8d98-eead5303b0e0,,,,,,,,110,4.0,2.0,18.0,3.0,단호박+귀리 기준
recipe_nutrition,1481ee8d-d6b5-48f1-8c98-9469af2473b7,,,,,,,,,,,3a8a8c2d-209c-4ab2-914f-606ef3a8f66e,,,,,,,,95,1.5,0.5,21.0,2.5,고구마+바나나 기준
recipe_nutrition,32e8cb40-bd63-4240-b328-1e935c074932,,,,,,,,,,,2027c0a3-0b58-4ebb-893a-5505c93ff27c,,,,,,,,155,17.0,6.0,10.0,1.0,연어 기준 추정
recipe_nutrition,22ef3495-10b1-4a9c-b536-0bf154c05c25,,,,,,,,,,,a31ce850-673b-45a9-9f61-05965e8a02d0,,,,,,,,160,17.0,7.0,6.0,2.0,소고기+블루베리 기준
recipe_nutrition,d9c4b6ac-6dc2-4217-8838-1ad908ade48f,,,,,,,,,,,0340ad91-8ae9-4878-be93-f05725e0bec6,,,,,,,,130,14.0,3.0,12.0,2.5,닭+바나나+귀리 기준
recipe_nutrition,896b3a4b-7786-489f-9726-1299e1a2c3aa,,,,,,,,,,,c1a82f58-2baf-48be-bcb5-1a4aaf2f8cca,,,,,,,,45,8.0,0.5,2.0,0.0,황태 국물 기준
recipe_nutrition,263f00bd-dc98-4ee9-bc5e-eff141a5c22a,,,,,,,,,,,b8d6752b-7d72-4792-97f4-1b0332ef38cb,,,,,,,,85,7.0,5.0,2.0,0.5,달걀+채소 기준
recipe_nutrition,35626ff0-d08c-45bb-96f3-4bb47a28f23d,,,,,,,,,,,c398390c-7910-455c-9f1c-fd765a4c883e,,,,,,,,135,12.0,2.0,18.0,1.0,찹쌀죽 기준
recipe_nutrition,5372edae-1f27-495c-a909-1c5b6d690c0c,,,,,,,,,,,12f35351-6027-4ac7-a8d2-cfe941641e92,,,,,,,,75,2.5,2.5,12.0,1.5,락토프리+과일 기준
recipe_nutrition,bd382832-0850-44fc-8175-993ca4483525,,,,,,,,,,,084beeef-105a-4105-a782-266a72fd0f56,,,,,,,,110,15.0,3.0,5.0,0.5,두부+닭가슴살 기준
recipe_nutrition,17cebcbd-d8ed-447d-9e6e-56aa936488f3,,,,,,,,,,,a2c9921d-c500-4b6c-ab52-799aadc0f9e7,,,,,,,,150,18.0,4.0,8.0,2.0,칠면조+고구마 기준
recipe_nutrition,97d3d928-1a42-4703-b80c-92eb3edf8dad,,,,,,,,,,,c68efab6-12d6-4f83-ab04-973bf41a633f,,,,,,,,175,12.0,5.0,20.0,2.0,베이크 트릿 기준
recipe_nutrition,55c4e56b-a6ac-418a-873b-9c575f237a64,,,,,,,,,,,054db5a3-3bbe-4922-93b8-6eba609e378b,,,,,,,,160,20.0,7.0,4.0,0.5,고등어 파테 기준
recipe_nutrition,e666e0d1-37eb-463b-af4c-22ef0108cf7c,,,,,,,,,,,b13a2129-72b5-4e9a-89db-fbe28d4b276d,,,,,,,,25,4.0,0.5,1.5,0.0,한천 젤리 기준
recipe_nutrition,db36b254-17ca-4af0-8dea-aa2793e993b3,,,,,,,,,,,e352a69f-fe39-4bbb-b732-2b15b43c74dc,,,,,,,,80,15.0,1.5,1.0,0.0,참치 츄르 기준
recipe_nutrition,63cdddbe-5157-45d6-9cd2-98203cba72eb,,,,,,,,,,,3deebe22-f7fa-44f9-b854-77d9fc93bab2,,,,,,,,190,18.0,6.0,14.0,1.5,크런치 베이크 기준
recipe_nutrition,d41758d5-40b4-4752-a3e2-0b9294418bd5,,,,,,,,,,,c4f30a74-7b35-444b-87ae-a25b61a52270,,,,,,,,185,17.0,7.0,12.0,1.0,정어리 트릿 기준
